month,region,deaths,year,death_type,ppl,deaths_per_million
2,Abruzzo,0.0,2020,covid,1293941,0.0
3,Abruzzo,115.0,2020,covid,1293941,88.88
4,Abruzzo,205.0,2020,covid,1293941,158.43
5,Abruzzo,85.0,2020,covid,1293941,65.69
6,Abruzzo,59.0,2020,covid,1293941,45.6
7,Abruzzo,8.0,2020,covid,1293941,6.18
8,Abruzzo,0.0,2020,covid,1293941,0.0
9,Abruzzo,9.0,2020,covid,1293941,6.96
2,Abruzzo,1362.0,2020,non-covid,1293941,1052.6
3,Abruzzo,1451.0,2020,non-covid,1293941,1121.38
4,Abruzzo,1226.0,2020,non-covid,1293941,947.49
5,Abruzzo,1123.0,2020,non-covid,1293941,867.89
6,Abruzzo,1061.0,2020,non-covid,1293941,819.98
7,Abruzzo,1147.0,2020,non-covid,1293941,886.44
8,Abruzzo,1216.0,2020,non-covid,1293941,939.76
9,Abruzzo,1029.0,2020,non-covid,1293941,795.24
2,Abruzzo,1362.0,2020,total,1293941,1052.6
3,Abruzzo,1566.0,2020,total,1293941,1210.26
4,Abruzzo,1431.0,2020,total,1293941,1105.92
5,Abruzzo,1208.0,2020,total,1293941,933.58
6,Abruzzo,1120.0,2020,total,1293941,865.57
7,Abruzzo,1155.0,2020,total,1293941,892.62
8,Abruzzo,1216.0,2020,total,1293941,939.76
9,Abruzzo,1038.0,2020,total,1293941,802.2
2,Basilicata,0.0,2020,covid,553254,0.0
3,Basilicata,7.0,2020,covid,553254,12.65
4,Basilicata,18.0,2020,covid,553254,32.53
5,Basilicata,2.0,2020,covid,553254,3.61
6,Basilicata,0.0,2020,covid,553254,0.0
7,Basilicata,1.0,2020,covid,553254,1.81
8,Basilicata,0.0,2020,covid,553254,0.0
9,Basilicata,1.0,2020,covid,553254,1.81
2,Basilicata,602.0,2020,non-covid,553254,1088.11
3,Basilicata,567.0,2020,non-covid,553254,1024.85
4,Basilicata,568.0,2020,non-covid,553254,1026.65
5,Basilicata,533.0,2020,non-covid,553254,963.39
6,Basilicata,460.0,2020,non-covid,553254,831.44
7,Basilicata,504.0,2020,non-covid,553254,910.97
8,Basilicata,517.0,2020,non-covid,553254,934.47
9,Basilicata,444.0,2020,non-covid,553254,802.52
2,Basilicata,602.0,2020,total,553254,1088.11
3,Basilicata,574.0,2020,total,553254,1037.5
4,Basilicata,586.0,2020,total,553254,1059.19
5,Basilicata,535.0,2020,total,553254,967.01
6,Basilicata,460.0,2020,total,553254,831.44
7,Basilicata,505.0,2020,total,553254,912.78
8,Basilicata,517.0,2020,total,553254,934.47
9,Basilicata,445.0,2020,total,553254,804.33
2,Calabria,0.0,2020,covid,1894110,0.0
3,Calabria,36.0,2020,covid,1894110,19.01
4,Calabria,50.0,2020,covid,1894110,26.4
5,Calabria,11.0,2020,covid,1894110,5.81
6,Calabria,0.0,2020,covid,1894110,0.0
7,Calabria,0.0,2020,covid,1894110,0.0
8,Calabria,0.0,2020,covid,1894110,0.0
9,Calabria,3.0,2020,covid,1894110,1.58
2,Calabria,1732.0,2020,non-covid,1894110,914.41
3,Calabria,1942.0,2020,non-covid,1894110,1025.28
4,Calabria,1773.0,2020,non-covid,1894110,936.06
5,Calabria,1604.0,2020,non-covid,1894110,846.84
6,Calabria,1551.0,2020,non-covid,1894110,818.85
7,Calabria,1613.0,2020,non-covid,1894110,851.59
8,Calabria,1729.0,2020,non-covid,1894110,912.83
9,Calabria,1482.0,2020,non-covid,1894110,782.43
2,Calabria,1732.0,2020,total,1894110,914.41
3,Calabria,1978.0,2020,total,1894110,1044.29
4,Calabria,1823.0,2020,total,1894110,962.46
5,Calabria,1615.0,2020,total,1894110,852.64
6,Calabria,1551.0,2020,total,1894110,818.85
7,Calabria,1613.0,2020,total,1894110,851.59
8,Calabria,1729.0,2020,total,1894110,912.83
9,Calabria,1485.0,2020,total,1894110,784.01
2,Campania,0.0,2020,covid,5712143,0.0
3,Campania,133.0,2020,covid,5712143,23.28
4,Campania,226.0,2020,covid,5712143,39.56
5,Campania,53.0,2020,covid,5712143,9.28
6,Campania,20.0,2020,covid,5712143,3.5
7,Campania,3.0,2020,covid,5712143,0.53
8,Campania,10.0,2020,covid,5712143,1.75
9,Campania,18.0,2020,covid,5712143,3.15
2,Campania,4884.0,2020,non-covid,5712143,855.02
3,Campania,4991.0,2020,non-covid,5712143,873.75
4,Campania,4354.0,2020,non-covid,5712143,762.24
5,Campania,4076.0,2020,non-covid,5712143,713.57
6,Campania,3923.0,2020,non-covid,5712143,686.78
7,Campania,4316.0,2020,non-covid,5712143,755.58
8,Campania,4320.0,2020,non-covid,5712143,756.28
9,Campania,3971.0,2020,non-covid,5712143,695.19
2,Campania,4884.0,2020,total,5712143,855.02
3,Campania,5124.0,2020,total,5712143,897.04
4,Campania,4580.0,2020,total,5712143,801.8
5,Campania,4129.0,2020,total,5712143,722.85
6,Campania,3943.0,2020,total,5712143,690.28
7,Campania,4319.0,2020,total,5712143,756.11
8,Campania,4330.0,2020,total,5712143,758.03
9,Campania,3989.0,2020,total,5712143,698.34
2,Emilia-Romagna,4.0,2020,covid,4464119,0.9
3,Emilia-Romagna,1640.0,2020,covid,4464119,367.37
4,Emilia-Romagna,1907.0,2020,covid,4464119,427.18
5,Emilia-Romagna,563.0,2020,covid,4464119,126.12
6,Emilia-Romagna,146.0,2020,covid,4464119,32.71
7,Emilia-Romagna,29.0,2020,covid,4464119,6.5
8,Emilia-Romagna,174.0,2020,covid,4464119,38.98
9,Emilia-Romagna,21.0,2020,covid,4464119,4.7
2,Emilia-Romagna,4380.0,2020,non-covid,4464119,981.16
3,Emilia-Romagna,6121.0,2020,non-covid,4464119,1371.16
4,Emilia-Romagna,4242.0,2020,non-covid,4464119,950.24
5,Emilia-Romagna,3608.0,2020,non-covid,4464119,808.22
6,Emilia-Romagna,3816.0,2020,non-covid,4464119,854.82
7,Emilia-Romagna,4075.0,2020,non-covid,4464119,912.83
8,Emilia-Romagna,3940.0,2020,non-covid,4464119,882.59
9,Emilia-Romagna,3902.0,2020,non-covid,4464119,874.08
2,Emilia-Romagna,4384.0,2020,total,4464119,982.05
3,Emilia-Romagna,7761.0,2020,total,4464119,1738.53
4,Emilia-Romagna,6149.0,2020,total,4464119,1377.43
5,Emilia-Romagna,4171.0,2020,total,4464119,934.34
6,Emilia-Romagna,3962.0,2020,total,4464119,887.52
7,Emilia-Romagna,4104.0,2020,total,4464119,919.33
8,Emilia-Romagna,4114.0,2020,total,4464119,921.57
9,Emilia-Romagna,3923.0,2020,total,4464119,878.78
2,Lazio,0.0,2020,covid,5755700,0.0
3,Lazio,162.0,2020,covid,5755700,28.15
4,Lazio,279.0,2020,covid,5755700,48.47
5,Lazio,294.0,2020,covid,5755700,51.08
6,Lazio,102.0,2020,covid,5755700,17.72
7,Lazio,26.0,2020,covid,5755700,4.52
8,Lazio,15.0,2020,covid,5755700,2.61
9,Lazio,40.0,2020,covid,5755700,6.95
2,Lazio,4877.0,2020,non-covid,5755700,847.33
3,Lazio,5257.0,2020,non-covid,5755700,913.36
4,Lazio,4702.0,2020,non-covid,5755700,816.93
5,Lazio,4203.0,2020,non-covid,5755700,730.23
6,Lazio,4184.0,2020,non-covid,5755700,726.93
7,Lazio,4704.0,2020,non-covid,5755700,817.28
8,Lazio,4782.0,2020,non-covid,5755700,830.83
9,Lazio,4369.0,2020,non-covid,5755700,759.07
2,Lazio,4877.0,2020,total,5755700,847.33
3,Lazio,5419.0,2020,total,5755700,941.5
4,Lazio,4981.0,2020,total,5755700,865.4
5,Lazio,4497.0,2020,total,5755700,781.31
6,Lazio,4286.0,2020,total,5755700,744.65
7,Lazio,4730.0,2020,total,5755700,821.79
8,Lazio,4797.0,2020,total,5755700,833.43
9,Lazio,4409.0,2020,total,5755700,766.02
2,Liguria,0.0,2020,covid,1524826,0.0
3,Liguria,428.0,2020,covid,1524826,280.69
4,Liguria,739.0,2020,covid,1524826,484.65
5,Liguria,298.0,2020,covid,1524826,195.43
6,Liguria,93.0,2020,covid,1524826,60.99
7,Liguria,9.0,2020,covid,1524826,5.9
8,Liguria,4.0,2020,covid,1524826,2.62
9,Liguria,33.0,2020,covid,1524826,21.64
2,Liguria,1762.0,2020,non-covid,1524826,1155.54
3,Liguria,2610.0,2020,non-covid,1524826,1711.67
4,Liguria,2123.0,2020,non-covid,1524826,1392.29
5,Liguria,1546.0,2020,non-covid,1524826,1013.89
6,Liguria,1561.0,2020,non-covid,1524826,1023.72
7,Liguria,1657.0,2020,non-covid,1524826,1086.68
8,Liguria,1774.0,2020,non-covid,1524826,1163.41
9,Liguria,1750.0,2020,non-covid,1524826,1147.67
2,Liguria,1762.0,2020,total,1524826,1155.54
3,Liguria,3038.0,2020,total,1524826,1992.36
4,Liguria,2862.0,2020,total,1524826,1876.94
5,Liguria,1844.0,2020,total,1524826,1209.32
6,Liguria,1654.0,2020,total,1524826,1084.71
7,Liguria,1666.0,2020,total,1524826,1092.58
8,Liguria,1778.0,2020,total,1524826,1166.03
9,Liguria,1783.0,2020,total,1524826,1169.31
2,Lombardia,17.0,2020,covid,10027602,1.7
3,Lombardia,7176.0,2020,covid,10027602,715.62
4,Lombardia,6573.0,2020,covid,10027602,655.49
5,Lombardia,2340.0,2020,covid,10027602,233.36
6,Lombardia,532.0,2020,covid,10027602,53.05
7,Lombardia,162.0,2020,covid,10027602,16.16
8,Lombardia,59.0,2020,covid,10027602,5.88
9,Lombardia,90.0,2020,covid,10027602,8.98
2,Lombardia,8893.0,2020,non-covid,10027602,886.85
3,Lombardia,18446.0,2020,non-covid,10027602,1839.52
4,Lombardia,10639.0,2020,non-covid,10027602,1060.97
5,Lombardia,6533.0,2020,non-covid,10027602,651.5
6,Lombardia,7161.0,2020,non-covid,10027602,714.13
7,Lombardia,7595.0,2020,non-covid,10027602,757.41
8,Lombardia,7875.0,2020,non-covid,10027602,785.33
9,Lombardia,7352.0,2020,non-covid,10027602,733.18
2,Lombardia,8910.0,2020,total,10027602,888.55
3,Lombardia,25622.0,2020,total,10027602,2555.15
4,Lombardia,17212.0,2020,total,10027602,1716.46
5,Lombardia,8873.0,2020,total,10027602,884.86
6,Lombardia,7693.0,2020,total,10027602,767.18
7,Lombardia,7757.0,2020,total,10027602,773.56
8,Lombardia,7934.0,2020,total,10027602,791.22
9,Lombardia,7442.0,2020,total,10027602,742.15
2,Marche,0.0,2020,covid,1512672,0.0
3,Marche,452.0,2020,covid,1512672,298.81
4,Marche,454.0,2020,covid,1512672,300.13
5,Marche,81.0,2020,covid,1512672,53.55
6,Marche,4.0,2020,covid,1512672,2.64
7,Marche,-4.0,2020,covid,1512672,-2.64
8,Marche,0.0,2020,covid,1512672,0.0
9,Marche,3.0,2020,covid,1512672,1.98
2,Marche,1503.0,2020,non-covid,1512672,993.61
3,Marche,1880.0,2020,non-covid,1512672,1242.83
4,Marche,1465.0,2020,non-covid,1512672,968.48
5,Marche,1338.0,2020,non-covid,1512672,884.53
6,Marche,1405.0,2020,non-covid,1512672,928.82
7,Marche,1545.0,2020,non-covid,1512672,1021.37
8,Marche,1551.0,2020,non-covid,1512672,1025.34
9,Marche,1287.0,2020,non-covid,1512672,850.81
2,Marche,1503.0,2020,total,1512672,993.61
3,Marche,2332.0,2020,total,1512672,1541.64
4,Marche,1919.0,2020,total,1512672,1268.62
5,Marche,1419.0,2020,total,1512672,938.08
6,Marche,1409.0,2020,total,1512672,931.46
7,Marche,1541.0,2020,total,1512672,1018.73
8,Marche,1551.0,2020,total,1512672,1025.34
9,Marche,1290.0,2020,total,1512672,852.8
2,Molise,0.0,2020,covid,300516,0.0
3,Molise,9.0,2020,covid,300516,29.95
4,Molise,12.0,2020,covid,300516,39.93
5,Molise,1.0,2020,covid,300516,3.33
6,Molise,1.0,2020,covid,300516,3.33
7,Molise,0.0,2020,covid,300516,0.0
8,Molise,0.0,2020,covid,300516,0.0
9,Molise,1.0,2020,covid,300516,3.33
2,Molise,303.0,2020,non-covid,300516,1008.27
3,Molise,369.0,2020,non-covid,300516,1227.89
4,Molise,312.0,2020,non-covid,300516,1038.21
5,Molise,317.0,2020,non-covid,300516,1054.85
6,Molise,302.0,2020,non-covid,300516,1004.94
7,Molise,308.0,2020,non-covid,300516,1024.9
8,Molise,314.0,2020,non-covid,300516,1044.87
9,Molise,283.0,2020,non-covid,300516,941.71
2,Molise,303.0,2020,total,300516,1008.27
3,Molise,378.0,2020,total,300516,1257.84
4,Molise,324.0,2020,total,300516,1078.15
5,Molise,318.0,2020,total,300516,1058.18
6,Molise,303.0,2020,total,300516,1008.27
7,Molise,308.0,2020,total,300516,1024.9
8,Molise,314.0,2020,total,300516,1044.87
9,Molise,284.0,2020,total,300516,945.04
2,Piemonte,0.0,2020,covid,4311217,0.0
3,Piemonte,854.0,2020,covid,4311217,198.09
4,Piemonte,2212.0,2020,covid,4311217,513.08
5,Piemonte,801.0,2020,covid,4311217,185.79
6,Piemonte,223.0,2020,covid,4311217,51.73
7,Piemonte,39.0,2020,covid,4311217,9.05
8,Piemonte,17.0,2020,covid,4311217,3.94
9,Piemonte,18.0,2020,covid,4311217,4.18
2,Piemonte,4550.0,2020,non-covid,4311217,1055.39
3,Piemonte,6407.0,2020,non-covid,4311217,1486.12
4,Piemonte,5223.0,2020,non-covid,4311217,1211.49
5,Piemonte,3839.0,2020,non-covid,4311217,890.47
6,Piemonte,3759.0,2020,non-covid,4311217,871.91
7,Piemonte,4136.0,2020,non-covid,4311217,959.36
8,Piemonte,4301.0,2020,non-covid,4311217,997.63
9,Piemonte,3865.0,2020,non-covid,4311217,896.5
2,Piemonte,4550.0,2020,total,4311217,1055.39
3,Piemonte,7261.0,2020,total,4311217,1684.21
4,Piemonte,7435.0,2020,total,4311217,1724.57
5,Piemonte,4640.0,2020,total,4311217,1076.26
6,Piemonte,3982.0,2020,total,4311217,923.64
7,Piemonte,4175.0,2020,total,4311217,968.4
8,Piemonte,4318.0,2020,total,4311217,1001.57
9,Piemonte,3883.0,2020,total,4311217,900.67
2,Puglia,0.0,2020,covid,3953305,0.0
3,Puglia,110.0,2020,covid,3953305,27.82
4,Puglia,305.0,2020,covid,3953305,77.15
5,Puglia,89.0,2020,covid,3953305,22.51
6,Puglia,41.0,2020,covid,3953305,10.37
7,Puglia,7.0,2020,covid,3953305,1.77
8,Puglia,4.0,2020,covid,3953305,1.01
9,Puglia,39.0,2020,covid,3953305,9.87
2,Puglia,3486.0,2020,non-covid,3953305,881.79
3,Puglia,3933.0,2020,non-covid,3953305,994.86
4,Puglia,3443.0,2020,non-covid,3953305,870.92
5,Puglia,3064.0,2020,non-covid,3953305,775.05
6,Puglia,3148.0,2020,non-covid,3953305,796.3
7,Puglia,3322.0,2020,non-covid,3953305,840.31
8,Puglia,3495.0,2020,non-covid,3953305,884.07
9,Puglia,3052.0,2020,non-covid,3953305,772.01
2,Puglia,3486.0,2020,total,3953305,881.79
3,Puglia,4043.0,2020,total,3953305,1022.69
4,Puglia,3748.0,2020,total,3953305,948.07
5,Puglia,3153.0,2020,total,3953305,797.56
6,Puglia,3189.0,2020,total,3953305,806.67
7,Puglia,3329.0,2020,total,3953305,842.08
8,Puglia,3499.0,2020,total,3953305,885.08
9,Puglia,3091.0,2020,total,3953305,781.88
2,Sardegna,0.0,2020,covid,1611621,0.0
3,Sardegna,31.0,2020,covid,1611621,19.24
4,Sardegna,85.0,2020,covid,1611621,52.74
5,Sardegna,14.0,2020,covid,1611621,8.69
6,Sardegna,3.0,2020,covid,1611621,1.86
7,Sardegna,1.0,2020,covid,1611621,0.62
8,Sardegna,0.0,2020,covid,1611621,0.0
9,Sardegna,20.0,2020,covid,1611621,12.41
2,Sardegna,1496.0,2020,non-covid,1611621,928.26
3,Sardegna,1691.0,2020,non-covid,1611621,1049.25
4,Sardegna,1456.0,2020,non-covid,1611621,903.44
5,Sardegna,1317.0,2020,non-covid,1611621,817.19
6,Sardegna,1234.0,2020,non-covid,1611621,765.69
7,Sardegna,1397.0,2020,non-covid,1611621,866.83
8,Sardegna,1452.0,2020,non-covid,1611621,900.96
9,Sardegna,1299.0,2020,non-covid,1611621,806.02
2,Sardegna,1496.0,2020,total,1611621,928.26
3,Sardegna,1722.0,2020,total,1611621,1068.49
4,Sardegna,1541.0,2020,total,1611621,956.18
5,Sardegna,1331.0,2020,total,1611621,825.88
6,Sardegna,1237.0,2020,total,1611621,767.55
7,Sardegna,1398.0,2020,total,1611621,867.45
8,Sardegna,1452.0,2020,total,1611621,900.96
9,Sardegna,1319.0,2020,total,1611621,818.43
2,Sicilia,0.0,2020,covid,4875290,0.0
3,Sicilia,81.0,2020,covid,4875290,16.61
4,Sicilia,154.0,2020,covid,4875290,31.59
5,Sicilia,39.0,2020,covid,4875290,8.0
6,Sicilia,8.0,2020,covid,4875290,1.64
7,Sicilia,1.0,2020,covid,4875290,0.21
8,Sicilia,3.0,2020,covid,4875290,0.62
9,Sicilia,25.0,2020,covid,4875290,5.13
2,Sicilia,4594.0,2020,non-covid,4875290,942.3
3,Sicilia,5070.0,2020,non-covid,4875290,1039.94
4,Sicilia,4417.0,2020,non-covid,4875290,906.0
5,Sicilia,4107.0,2020,non-covid,4875290,842.41
6,Sicilia,3744.0,2020,non-covid,4875290,767.95
7,Sicilia,4135.0,2020,non-covid,4875290,848.15
8,Sicilia,4614.0,2020,non-covid,4875290,946.41
9,Sicilia,3818.0,2020,non-covid,4875290,783.13
2,Sicilia,4594.0,2020,total,4875290,942.3
3,Sicilia,5151.0,2020,total,4875290,1056.55
4,Sicilia,4571.0,2020,total,4875290,937.59
5,Sicilia,4146.0,2020,total,4875290,850.41
6,Sicilia,3752.0,2020,total,4875290,769.6
7,Sicilia,4136.0,2020,total,4875290,848.36
8,Sicilia,4617.0,2020,total,4875290,947.02
9,Sicilia,3843.0,2020,total,4875290,788.26
2,Toscana,0.0,2020,covid,3692555,0.0
3,Toscana,244.0,2020,covid,3692555,66.08
4,Toscana,598.0,2020,covid,3692555,161.95
5,Toscana,199.0,2020,covid,3692555,53.89
6,Toscana,63.0,2020,covid,3692555,17.06
7,Toscana,30.0,2020,covid,3692555,8.12
8,Toscana,7.0,2020,covid,3692555,1.9
9,Toscana,23.0,2020,covid,3692555,6.23
2,Toscana,3693.0,2020,non-covid,3692555,1000.12
3,Toscana,4280.0,2020,non-covid,3692555,1159.09
4,Toscana,3610.0,2020,non-covid,3692555,977.64
5,Toscana,3126.0,2020,non-covid,3692555,846.57
6,Toscana,3185.0,2020,non-covid,3692555,862.55
7,Toscana,3492.0,2020,non-covid,3692555,945.69
8,Toscana,3758.0,2020,non-covid,3692555,1017.72
9,Toscana,3438.0,2020,non-covid,3692555,931.06
2,Toscana,3693.0,2020,total,3692555,1000.12
3,Toscana,4524.0,2020,total,3692555,1225.17
4,Toscana,4208.0,2020,total,3692555,1139.59
5,Toscana,3325.0,2020,total,3692555,900.46
6,Toscana,3248.0,2020,total,3692555,879.61
7,Toscana,3522.0,2020,total,3692555,953.81
8,Toscana,3765.0,2020,total,3692555,1019.62
9,Toscana,3461.0,2020,total,3692555,937.29
2,Trentino-Alto Adige,0.0,2020,covid,1078069,0.0
3,Trentino-Alto Adige,240.0,2020,covid,1078069,222.62
4,Trentino-Alto Adige,453.0,2020,covid,1078069,420.2
5,Trentino-Alto Adige,60.0,2020,covid,1078069,55.66
6,Trentino-Alto Adige,-56.0,2020,covid,1078069,-51.94
7,Trentino-Alto Adige,0.0,2020,covid,1078069,0.0
8,Trentino-Alto Adige,0.0,2020,covid,1078069,0.0
9,Trentino-Alto Adige,1.0,2020,covid,1078069,0.93
2,Trentino-Alto Adige,890.0,2020,non-covid,1078069,825.55
3,Trentino-Alto Adige,1178.0,2020,non-covid,1078069,1092.69
4,Trentino-Alto Adige,882.0,2020,non-covid,1078069,818.13
5,Trentino-Alto Adige,753.0,2020,non-covid,1078069,698.47
6,Trentino-Alto Adige,782.0,2020,non-covid,1078069,725.37
7,Trentino-Alto Adige,741.0,2020,non-covid,1078069,687.34
8,Trentino-Alto Adige,771.0,2020,non-covid,1078069,715.17
9,Trentino-Alto Adige,722.0,2020,non-covid,1078069,669.72
2,Trentino-Alto Adige,890.0,2020,total,1078069,825.55
3,Trentino-Alto Adige,1418.0,2020,total,1078069,1315.31
4,Trentino-Alto Adige,1335.0,2020,total,1078069,1238.33
5,Trentino-Alto Adige,813.0,2020,total,1078069,754.13
6,Trentino-Alto Adige,726.0,2020,total,1078069,673.43
7,Trentino-Alto Adige,741.0,2020,total,1078069,687.34
8,Trentino-Alto Adige,771.0,2020,total,1078069,715.17
9,Trentino-Alto Adige,723.0,2020,total,1078069,670.64
2,Umbria,0.0,2020,covid,870165,0.0
3,Umbria,37.0,2020,covid,870165,42.52
4,Umbria,30.0,2020,covid,870165,34.48
5,Umbria,9.0,2020,covid,870165,10.34
6,Umbria,4.0,2020,covid,870165,4.6
7,Umbria,0.0,2020,covid,870165,0.0
8,Umbria,0.0,2020,covid,870165,0.0
9,Umbria,5.0,2020,covid,870165,5.75
2,Umbria,871.0,2020,non-covid,870165,1000.96
3,Umbria,1007.0,2020,non-covid,870165,1157.25
4,Umbria,836.0,2020,non-covid,870165,960.74
5,Umbria,781.0,2020,non-covid,870165,897.53
6,Umbria,773.0,2020,non-covid,870165,888.34
7,Umbria,806.0,2020,non-covid,870165,926.26
8,Umbria,885.0,2020,non-covid,870165,1017.05
9,Umbria,774.0,2020,non-covid,870165,889.49
2,Umbria,871.0,2020,total,870165,1000.96
3,Umbria,1044.0,2020,total,870165,1199.77
4,Umbria,866.0,2020,total,870165,995.21
5,Umbria,790.0,2020,total,870165,907.87
6,Umbria,777.0,2020,total,870165,892.93
7,Umbria,806.0,2020,total,870165,926.26
8,Umbria,885.0,2020,total,870165,1017.05
9,Umbria,779.0,2020,total,870165,895.23
2,Valle d'Aosta,0.0,2020,covid,125034,0.0
3,Valle d'Aosta,56.0,2020,covid,125034,447.88
4,Valle d'Aosta,81.0,2020,covid,125034,647.82
5,Valle d'Aosta,6.0,2020,covid,125034,47.99
6,Valle d'Aosta,3.0,2020,covid,125034,23.99
7,Valle d'Aosta,0.0,2020,covid,125034,0.0
8,Valle d'Aosta,0.0,2020,covid,125034,0.0
9,Valle d'Aosta,0.0,2020,covid,125034,0.0
2,Valle d'Aosta,130.0,2020,non-covid,125034,1039.72
3,Valle d'Aosta,149.0,2020,non-covid,125034,1191.68
4,Valle d'Aosta,122.0,2020,non-covid,125034,975.73
5,Valle d'Aosta,114.0,2020,non-covid,125034,911.75
6,Valle d'Aosta,107.0,2020,non-covid,125034,855.77
7,Valle d'Aosta,108.0,2020,non-covid,125034,863.77
8,Valle d'Aosta,130.0,2020,non-covid,125034,1039.72
9,Valle d'Aosta,103.0,2020,non-covid,125034,823.78
2,Valle d'Aosta,130.0,2020,total,125034,1039.72
3,Valle d'Aosta,205.0,2020,total,125034,1639.55
4,Valle d'Aosta,203.0,2020,total,125034,1623.56
5,Valle d'Aosta,120.0,2020,total,125034,959.74
6,Valle d'Aosta,110.0,2020,total,125034,879.76
7,Valle d'Aosta,108.0,2020,total,125034,863.77
8,Valle d'Aosta,130.0,2020,total,125034,1039.72
9,Valle d'Aosta,103.0,2020,total,125034,823.78
2,Veneto,1.0,2020,covid,4879133,0.2
3,Veneto,475.0,2020,covid,4879133,97.35
4,Veneto,982.0,2020,covid,4879133,201.27
5,Veneto,459.0,2020,covid,4879133,94.07
6,Veneto,94.0,2020,covid,4879133,19.27
7,Veneto,62.0,2020,covid,4879133,12.71
8,Veneto,46.0,2020,covid,4879133,9.43
9,Veneto,58.0,2020,covid,4879133,11.89
2,Veneto,4335.0,2020,non-covid,4879133,888.48
3,Veneto,4951.0,2020,non-covid,4879133,1014.73
4,Veneto,4202.0,2020,non-covid,4879133,861.22
5,Veneto,3651.0,2020,non-covid,4879133,748.29
6,Veneto,3686.0,2020,non-covid,4879133,755.46
7,Veneto,3831.0,2020,non-covid,4879133,785.18
8,Veneto,4021.0,2020,non-covid,4879133,824.12
9,Veneto,3804.0,2020,non-covid,4879133,779.65
2,Veneto,4336.0,2020,total,4879133,888.68
3,Veneto,5426.0,2020,total,4879133,1112.08
4,Veneto,5184.0,2020,total,4879133,1062.48
5,Veneto,4110.0,2020,total,4879133,842.36
6,Veneto,3780.0,2020,total,4879133,774.73
7,Veneto,3893.0,2020,total,4879133,797.89
8,Veneto,4067.0,2020,total,4879133,833.55
9,Veneto,3862.0,2020,total,4879133,791.53
2,Abruzzo,1468.0,2015,total,1331574,1102.45
3,Abruzzo,1431.0,2015,total,1331574,1074.67
4,Abruzzo,1250.0,2015,total,1331574,938.74
5,Abruzzo,1189.0,2015,total,1331574,892.93
6,Abruzzo,1138.0,2015,total,1331574,854.63
7,Abruzzo,1513.0,2015,total,1331574,1136.25
8,Abruzzo,1193.0,2015,total,1331574,895.93
9,Abruzzo,1133.0,2015,total,1331574,850.87
2,Basilicata,600.0,2015,total,576619,1040.55
3,Basilicata,606.0,2015,total,576619,1050.95
4,Basilicata,549.0,2015,total,576619,952.1
5,Basilicata,503.0,2015,total,576619,872.33
6,Basilicata,495.0,2015,total,576619,858.45
7,Basilicata,583.0,2015,total,576619,1011.07
8,Basilicata,526.0,2015,total,576619,912.21
9,Basilicata,450.0,2015,total,576619,780.41
2,Calabria,2001.0,2015,total,1976631,1012.33
3,Calabria,2021.0,2015,total,1976631,1022.45
4,Calabria,1821.0,2015,total,1976631,921.26
5,Calabria,1568.0,2015,total,1976631,793.27
6,Calabria,1508.0,2015,total,1976631,762.91
7,Calabria,1718.0,2015,total,1976631,869.16
8,Calabria,1585.0,2015,total,1976631,801.87
9,Calabria,1474.0,2015,total,1976631,745.71
2,Campania,5363.0,2015,total,5861529,914.95
3,Campania,5240.0,2015,total,5861529,893.96
4,Campania,4632.0,2015,total,5861529,790.24
5,Campania,4351.0,2015,total,5861529,742.3
6,Campania,4147.0,2015,total,5861529,707.49
7,Campania,5118.0,2015,total,5861529,873.15
8,Campania,4387.0,2015,total,5861529,748.44
9,Campania,4053.0,2015,total,5861529,691.46
2,Emilia-Romagna,4767.0,2015,total,4450508,1071.11
3,Emilia-Romagna,4829.0,2015,total,4450508,1085.04
4,Emilia-Romagna,4140.0,2015,total,4450508,930.23
5,Emilia-Romagna,3945.0,2015,total,4450508,886.42
6,Emilia-Romagna,3836.0,2015,total,4450508,861.92
7,Emilia-Romagna,4490.0,2015,total,4450508,1008.87
8,Emilia-Romagna,4055.0,2015,total,4450508,911.13
9,Emilia-Romagna,3798.0,2015,total,4450508,853.39
2,Lazio,5439.0,2015,total,5892425,923.05
3,Lazio,5436.0,2015,total,5892425,922.54
4,Lazio,4861.0,2015,total,5892425,824.96
5,Lazio,4501.0,2015,total,5892425,763.86
6,Lazio,4417.0,2015,total,5892425,749.61
7,Lazio,5352.0,2015,total,5892425,908.28
8,Lazio,4693.0,2015,total,5892425,796.45
9,Lazio,4311.0,2015,total,5892425,731.62
2,Liguria,2176.0,2015,total,1583263,1374.38
3,Liguria,2090.0,2015,total,1583263,1320.06
4,Liguria,1810.0,2015,total,1583263,1143.21
5,Liguria,1791.0,2015,total,1583263,1131.21
6,Liguria,1732.0,2015,total,1583263,1093.94
7,Liguria,1978.0,2015,total,1583263,1249.32
8,Liguria,1810.0,2015,total,1583263,1143.21
9,Liguria,1603.0,2015,total,1583263,1012.47
2,Lombardia,9342.0,2015,total,10002615,933.96
3,Lombardia,9017.0,2015,total,10002615,901.46
4,Lombardia,8032.0,2015,total,10002615,802.99
5,Lombardia,7547.0,2015,total,10002615,754.5
6,Lombardia,7395.0,2015,total,10002615,739.31
7,Lombardia,9387.0,2015,total,10002615,938.45
8,Lombardia,7784.0,2015,total,10002615,778.2
9,Lombardia,7181.0,2015,total,10002615,717.91
2,Marche,1681.0,2015,total,1550796,1083.96
3,Marche,1721.0,2015,total,1550796,1109.75
4,Marche,1484.0,2015,total,1550796,956.93
5,Marche,1475.0,2015,total,1550796,951.12
6,Marche,1423.0,2015,total,1550796,917.59
7,Marche,1827.0,2015,total,1550796,1178.1
8,Marche,1302.0,2015,total,1550796,839.57
9,Marche,1312.0,2015,total,1550796,846.02
2,Molise,345.0,2015,total,313348,1101.01
3,Molise,389.0,2015,total,313348,1241.43
4,Molise,334.0,2015,total,313348,1065.91
5,Molise,302.0,2015,total,313348,963.78
6,Molise,286.0,2015,total,313348,912.72
7,Molise,375.0,2015,total,313348,1196.75
8,Molise,301.0,2015,total,313348,960.59
9,Molise,291.0,2015,total,313348,928.68
2,Piemonte,5207.0,2015,total,4424467,1176.86
3,Piemonte,4822.0,2015,total,4424467,1089.85
4,Piemonte,4377.0,2015,total,4424467,989.27
5,Piemonte,4219.0,2015,total,4424467,953.56
6,Piemonte,4109.0,2015,total,4424467,928.7
7,Piemonte,5092.0,2015,total,4424467,1150.87
8,Piemonte,4151.0,2015,total,4424467,938.19
9,Piemonte,3902.0,2015,total,4424467,881.91
2,Puglia,3613.0,2015,total,4090105,883.35
3,Puglia,3678.0,2015,total,4090105,899.24
4,Puglia,3335.0,2015,total,4090105,815.38
5,Puglia,3135.0,2015,total,4090105,766.48
6,Puglia,2841.0,2015,total,4090105,694.6
7,Puglia,3772.0,2015,total,4090105,922.23
8,Puglia,3308.0,2015,total,4090105,808.78
9,Puglia,2951.0,2015,total,4090105,721.5
2,Sardegna,1668.0,2015,total,1663286,1002.83
3,Sardegna,1575.0,2015,total,1663286,946.92
4,Sardegna,1387.0,2015,total,1663286,833.89
5,Sardegna,1324.0,2015,total,1663286,796.01
6,Sardegna,1231.0,2015,total,1663286,740.1
7,Sardegna,1362.0,2015,total,1663286,818.86
8,Sardegna,1331.0,2015,total,1663286,800.22
9,Sardegna,1138.0,2015,total,1663286,684.19
2,Sicilia,5178.0,2015,total,5092080,1016.87
3,Sicilia,5357.0,2015,total,5092080,1052.03
4,Sicilia,4608.0,2015,total,5092080,904.93
5,Sicilia,4337.0,2015,total,5092080,851.71
6,Sicilia,3916.0,2015,total,5092080,769.04
7,Sicilia,4481.0,2015,total,5092080,879.99
8,Sicilia,4370.0,2015,total,5092080,858.2
9,Sicilia,3885.0,2015,total,5092080,762.95
2,Toscana,4237.0,2015,total,3752654,1129.07
3,Toscana,4168.0,2015,total,3752654,1110.68
4,Toscana,3769.0,2015,total,3752654,1004.36
5,Toscana,3665.0,2015,total,3752654,976.64
6,Toscana,3419.0,2015,total,3752654,911.09
7,Toscana,4036.0,2015,total,3752654,1075.51
8,Toscana,3561.0,2015,total,3752654,948.93
9,Toscana,3251.0,2015,total,3752654,866.32
2,Trentino-Alto Adige,910.0,2015,total,1055934,861.8
3,Trentino-Alto Adige,930.0,2015,total,1055934,880.74
4,Trentino-Alto Adige,788.0,2015,total,1055934,746.26
5,Trentino-Alto Adige,772.0,2015,total,1055934,731.11
6,Trentino-Alto Adige,681.0,2015,total,1055934,644.93
7,Trentino-Alto Adige,758.0,2015,total,1055934,717.85
8,Trentino-Alto Adige,677.0,2015,total,1055934,641.14
9,Trentino-Alto Adige,684.0,2015,total,1055934,647.77
2,Umbria,1030.0,2015,total,894762,1151.14
3,Umbria,1031.0,2015,total,894762,1152.26
4,Umbria,920.0,2015,total,894762,1028.21
5,Umbria,874.0,2015,total,894762,976.8
6,Umbria,753.0,2015,total,894762,841.56
7,Umbria,1050.0,2015,total,894762,1173.5
8,Umbria,779.0,2015,total,894762,870.62
9,Umbria,767.0,2015,total,894762,857.21
2,Valle d'Aosta,142.0,2015,total,128298,1106.8
3,Valle d'Aosta,138.0,2015,total,128298,1075.62
4,Valle d'Aosta,146.0,2015,total,128298,1137.98
5,Valle d'Aosta,132.0,2015,total,128298,1028.85
6,Valle d'Aosta,123.0,2015,total,128298,958.71
7,Valle d'Aosta,154.0,2015,total,128298,1200.33
8,Valle d'Aosta,104.0,2015,total,128298,810.61
9,Valle d'Aosta,111.0,2015,total,128298,865.17
2,Veneto,4458.0,2015,total,4927596,904.7
3,Veneto,4528.0,2015,total,4927596,918.91
4,Veneto,4092.0,2015,total,4927596,830.43
5,Veneto,3895.0,2015,total,4927596,790.45
6,Veneto,3592.0,2015,total,4927596,728.96
7,Veneto,4163.0,2015,total,4927596,844.83
8,Veneto,3910.0,2015,total,4927596,793.49
9,Veneto,3627.0,2015,total,4927596,736.06
2,Abruzzo,1242.0,2016,total,1326513,936.29
3,Abruzzo,1327.0,2016,total,1326513,1000.37
4,Abruzzo,1218.0,2016,total,1326513,918.2
5,Abruzzo,1244.0,2016,total,1326513,937.8
6,Abruzzo,1170.0,2016,total,1326513,882.01
7,Abruzzo,1147.0,2016,total,1326513,864.67
8,Abruzzo,1239.0,2016,total,1326513,934.03
9,Abruzzo,1035.0,2016,total,1326513,780.24
2,Basilicata,553.0,2016,total,573694,963.93
3,Basilicata,555.0,2016,total,573694,967.41
4,Basilicata,579.0,2016,total,573694,1009.25
5,Basilicata,502.0,2016,total,573694,875.03
6,Basilicata,469.0,2016,total,573694,817.51
7,Basilicata,497.0,2016,total,573694,866.32
8,Basilicata,491.0,2016,total,573694,855.86
9,Basilicata,457.0,2016,total,573694,796.59
2,Calabria,1752.0,2016,total,1970521,889.1
3,Calabria,1775.0,2016,total,1970521,900.78
4,Calabria,1695.0,2016,total,1970521,860.18
5,Calabria,1526.0,2016,total,1970521,774.41
6,Calabria,1573.0,2016,total,1970521,798.27
7,Calabria,1549.0,2016,total,1970521,786.09
8,Calabria,1488.0,2016,total,1970521,755.13
9,Calabria,1423.0,2016,total,1970521,722.14
2,Campania,4512.0,2016,total,5850850,771.17
3,Campania,4940.0,2016,total,5850850,844.32
4,Campania,4462.0,2016,total,5850850,762.62
5,Campania,4311.0,2016,total,5850850,736.82
6,Campania,3945.0,2016,total,5850850,674.26
7,Campania,4139.0,2016,total,5850850,707.42
8,Campania,4115.0,2016,total,5850850,703.32
9,Campania,3888.0,2016,total,5850850,664.52
2,Emilia-Romagna,4170.0,2016,total,4448146,937.47
3,Emilia-Romagna,4333.0,2016,total,4448146,974.11
4,Emilia-Romagna,3961.0,2016,total,4448146,890.48
5,Emilia-Romagna,4144.0,2016,total,4448146,931.62
6,Emilia-Romagna,3824.0,2016,total,4448146,859.68
7,Emilia-Romagna,3937.0,2016,total,4448146,885.09
8,Emilia-Romagna,3955.0,2016,total,4448146,889.13
9,Emilia-Romagna,3597.0,2016,total,4448146,808.65
2,Lazio,4663.0,2016,total,5888472,791.89
3,Lazio,5202.0,2016,total,5888472,883.42
4,Lazio,4784.0,2016,total,5888472,812.43
5,Lazio,4544.0,2016,total,5888472,771.68
6,Lazio,4293.0,2016,total,5888472,729.05
7,Lazio,4562.0,2016,total,5888472,774.73
8,Lazio,4747.0,2016,total,5888472,806.15
9,Lazio,4067.0,2016,total,5888472,690.67
2,Liguria,1796.0,2016,total,1571053,1143.18
3,Liguria,1899.0,2016,total,1571053,1208.74
4,Liguria,1700.0,2016,total,1571053,1082.08
5,Liguria,1660.0,2016,total,1571053,1056.62
6,Liguria,1673.0,2016,total,1571053,1064.89
7,Liguria,1665.0,2016,total,1571053,1059.8
8,Liguria,1694.0,2016,total,1571053,1078.26
9,Liguria,1630.0,2016,total,1571053,1037.52
2,Lombardia,8142.0,2016,total,10008349,813.52
3,Lombardia,8439.0,2016,total,10008349,843.2
4,Lombardia,7759.0,2016,total,10008349,775.25
5,Lombardia,7786.0,2016,total,10008349,777.95
6,Lombardia,7306.0,2016,total,10008349,729.99
7,Lombardia,7586.0,2016,total,10008349,757.97
8,Lombardia,7370.0,2016,total,10008349,736.39
9,Lombardia,7149.0,2016,total,10008349,714.3
2,Marche,1446.0,2016,total,1543752,936.68
3,Marche,1604.0,2016,total,1543752,1039.03
4,Marche,1292.0,2016,total,1543752,836.92
5,Marche,1426.0,2016,total,1543752,923.72
6,Marche,1336.0,2016,total,1543752,865.42
7,Marche,1502.0,2016,total,1543752,972.95
8,Marche,1374.0,2016,total,1543752,890.04
9,Marche,1229.0,2016,total,1543752,796.11
2,Molise,312.0,2016,total,312027,999.91
3,Molise,338.0,2016,total,312027,1083.24
4,Molise,334.0,2016,total,312027,1070.42
5,Molise,304.0,2016,total,312027,974.27
6,Molise,283.0,2016,total,312027,906.97
7,Molise,307.0,2016,total,312027,983.89
8,Molise,274.0,2016,total,312027,878.13
9,Molise,283.0,2016,total,312027,906.97
2,Piemonte,4286.0,2016,total,4404246,973.15
3,Piemonte,4808.0,2016,total,4404246,1091.67
4,Piemonte,4122.0,2016,total,4404246,935.92
5,Piemonte,4148.0,2016,total,4404246,941.82
6,Piemonte,3936.0,2016,total,4404246,893.68
7,Piemonte,4239.0,2016,total,4404246,962.48
8,Piemonte,3942.0,2016,total,4404246,895.05
9,Piemonte,3722.0,2016,total,4404246,845.09
2,Puglia,3365.0,2016,total,4077166,825.33
3,Puglia,3380.0,2016,total,4077166,829.01
4,Puglia,3127.0,2016,total,4077166,766.95
5,Puglia,2985.0,2016,total,4077166,732.13
6,Puglia,2842.0,2016,total,4077166,697.05
7,Puglia,3119.0,2016,total,4077166,764.99
8,Puglia,2968.0,2016,total,4077166,727.96
9,Puglia,2712.0,2016,total,4077166,665.17
2,Sardegna,1433.0,2016,total,1658138,864.22
3,Sardegna,1506.0,2016,total,1658138,908.25
4,Sardegna,1352.0,2016,total,1658138,815.37
5,Sardegna,1337.0,2016,total,1658138,806.33
6,Sardegna,1211.0,2016,total,1658138,730.34
7,Sardegna,1243.0,2016,total,1658138,749.64
8,Sardegna,1270.0,2016,total,1658138,765.92
9,Sardegna,1237.0,2016,total,1658138,746.02
2,Sicilia,4680.0,2016,total,5074261,922.3
3,Sicilia,5024.0,2016,total,5074261,990.09
4,Sicilia,4298.0,2016,total,5074261,847.02
5,Sicilia,4025.0,2016,total,5074261,793.22
6,Sicilia,3842.0,2016,total,5074261,757.15
7,Sicilia,4098.0,2016,total,5074261,807.61
8,Sicilia,3944.0,2016,total,5074261,777.26
9,Sicilia,3591.0,2016,total,5074261,707.69
2,Toscana,3509.0,2016,total,3744398,937.13
3,Toscana,3821.0,2016,total,3744398,1020.46
4,Toscana,3479.0,2016,total,3744398,929.12
5,Toscana,3476.0,2016,total,3744398,928.32
6,Toscana,3203.0,2016,total,3744398,855.41
7,Toscana,3521.0,2016,total,3744398,940.34
8,Toscana,3250.0,2016,total,3744398,867.96
9,Toscana,3099.0,2016,total,3744398,827.64
2,Trentino-Alto Adige,840.0,2016,total,1059114,793.12
3,Trentino-Alto Adige,860.0,2016,total,1059114,812.0
4,Trentino-Alto Adige,752.0,2016,total,1059114,710.03
5,Trentino-Alto Adige,727.0,2016,total,1059114,686.42
6,Trentino-Alto Adige,683.0,2016,total,1059114,644.88
7,Trentino-Alto Adige,730.0,2016,total,1059114,689.26
8,Trentino-Alto Adige,733.0,2016,total,1059114,692.09
9,Trentino-Alto Adige,709.0,2016,total,1059114,669.43
2,Umbria,857.0,2016,total,891181,961.65
3,Umbria,904.0,2016,total,891181,1014.38
4,Umbria,868.0,2016,total,891181,973.99
5,Umbria,821.0,2016,total,891181,921.25
6,Umbria,754.0,2016,total,891181,846.07
7,Umbria,830.0,2016,total,891181,931.35
8,Umbria,768.0,2016,total,891181,861.78
9,Umbria,772.0,2016,total,891181,866.27
2,Valle d'Aosta,121.0,2016,total,127329,950.29
3,Valle d'Aosta,126.0,2016,total,127329,989.56
4,Valle d'Aosta,122.0,2016,total,127329,958.15
5,Valle d'Aosta,125.0,2016,total,127329,981.71
6,Valle d'Aosta,99.0,2016,total,127329,777.51
7,Valle d'Aosta,132.0,2016,total,127329,1036.68
8,Valle d'Aosta,116.0,2016,total,127329,911.03
9,Valle d'Aosta,101.0,2016,total,127329,793.22
2,Veneto,4335.0,2016,total,4915123,881.97
3,Veneto,4445.0,2016,total,4915123,904.35
4,Veneto,3824.0,2016,total,4915123,778.01
5,Veneto,4016.0,2016,total,4915123,817.07
6,Veneto,3723.0,2016,total,4915123,757.46
7,Veneto,3725.0,2016,total,4915123,757.87
8,Veneto,3814.0,2016,total,4915123,775.97
9,Veneto,3582.0,2016,total,4915123,728.77
2,Abruzzo,1337.0,2017,total,1322247,1011.16
3,Abruzzo,1347.0,2017,total,1322247,1018.72
4,Abruzzo,1220.0,2017,total,1322247,922.67
5,Abruzzo,1225.0,2017,total,1322247,926.45
6,Abruzzo,1209.0,2017,total,1322247,914.35
7,Abruzzo,1230.0,2017,total,1322247,930.23
8,Abruzzo,1434.0,2017,total,1322247,1084.52
9,Abruzzo,1079.0,2017,total,1322247,816.04
2,Basilicata,522.0,2017,total,570365,915.2
3,Basilicata,646.0,2017,total,570365,1132.61
4,Basilicata,522.0,2017,total,570365,915.2
5,Basilicata,501.0,2017,total,570365,878.38
6,Basilicata,469.0,2017,total,570365,822.28
7,Basilicata,551.0,2017,total,570365,966.05
8,Basilicata,595.0,2017,total,570365,1043.19
9,Basilicata,485.0,2017,total,570365,850.33
2,Calabria,1779.0,2017,total,1965128,905.28
3,Calabria,1885.0,2017,total,1965128,959.23
4,Calabria,1669.0,2017,total,1965128,849.31
5,Calabria,1583.0,2017,total,1965128,805.55
6,Calabria,1515.0,2017,total,1965128,770.94
7,Calabria,1609.0,2017,total,1965128,818.78
8,Calabria,1859.0,2017,total,1965128,945.99
9,Calabria,1486.0,2017,total,1965128,756.18
2,Campania,4793.0,2017,total,5839084,820.85
3,Campania,4912.0,2017,total,5839084,841.23
4,Campania,4376.0,2017,total,5839084,749.43
5,Campania,4432.0,2017,total,5839084,759.02
6,Campania,4039.0,2017,total,5839084,691.72
7,Campania,4366.0,2017,total,5839084,747.72
8,Campania,4823.0,2017,total,5839084,825.99
9,Campania,3959.0,2017,total,5839084,678.02
2,Emilia-Romagna,4334.0,2017,total,4448841,974.19
3,Emilia-Romagna,4376.0,2017,total,4448841,983.63
4,Emilia-Romagna,3955.0,2017,total,4448841,889.0
5,Emilia-Romagna,4049.0,2017,total,4448841,910.12
6,Emilia-Romagna,3810.0,2017,total,4448841,856.4
7,Emilia-Romagna,3920.0,2017,total,4448841,881.13
8,Emilia-Romagna,4051.0,2017,total,4448841,910.57
9,Emilia-Romagna,3748.0,2017,total,4448841,842.47
2,Lazio,5076.0,2017,total,5898124,860.61
3,Lazio,4983.0,2017,total,5898124,844.84
4,Lazio,4768.0,2017,total,5898124,808.39
5,Lazio,4795.0,2017,total,5898124,812.97
6,Lazio,4527.0,2017,total,5898124,767.53
7,Lazio,4554.0,2017,total,5898124,772.11
8,Lazio,5187.0,2017,total,5898124,879.43
9,Lazio,4300.0,2017,total,5898124,729.05
2,Liguria,1880.0,2017,total,1565307,1201.04
3,Liguria,1870.0,2017,total,1565307,1194.65
4,Liguria,1813.0,2017,total,1565307,1158.24
5,Liguria,1904.0,2017,total,1565307,1216.37
6,Liguria,1664.0,2017,total,1565307,1063.05
7,Liguria,1634.0,2017,total,1565307,1043.88
8,Liguria,1743.0,2017,total,1565307,1113.52
9,Liguria,1626.0,2017,total,1565307,1038.77
2,Lombardia,8631.0,2017,total,10019166,861.45
3,Lombardia,8469.0,2017,total,10019166,845.28
4,Lombardia,7752.0,2017,total,10019166,773.72
5,Lombardia,8189.0,2017,total,10019166,817.33
6,Lombardia,7361.0,2017,total,10019166,734.69
7,Lombardia,7339.0,2017,total,10019166,732.5
8,Lombardia,7745.0,2017,total,10019166,773.02
9,Lombardia,7382.0,2017,total,10019166,736.79
2,Marche,1494.0,2017,total,1538055,971.36
3,Marche,1595.0,2017,total,1538055,1037.02
4,Marche,1383.0,2017,total,1538055,899.19
5,Marche,1443.0,2017,total,1538055,938.2
6,Marche,1429.0,2017,total,1538055,929.1
7,Marche,1459.0,2017,total,1538055,948.6
8,Marche,1759.0,2017,total,1538055,1143.65
9,Marche,1310.0,2017,total,1538055,851.73
2,Molise,317.0,2017,total,310449,1021.1
3,Molise,347.0,2017,total,310449,1117.74
4,Molise,299.0,2017,total,310449,963.12
5,Molise,299.0,2017,total,310449,963.12
6,Molise,288.0,2017,total,310449,927.69
7,Molise,317.0,2017,total,310449,1021.1
8,Molise,410.0,2017,total,310449,1320.67
9,Molise,272.0,2017,total,310449,876.15
2,Piemonte,4686.0,2017,total,4392526,1066.81
3,Piemonte,4536.0,2017,total,4392526,1032.66
4,Piemonte,4081.0,2017,total,4392526,929.08
5,Piemonte,4401.0,2017,total,4392526,1001.93
6,Piemonte,4138.0,2017,total,4392526,942.05
7,Piemonte,4074.0,2017,total,4392526,927.48
8,Piemonte,4350.0,2017,total,4392526,990.32
9,Piemonte,3886.0,2017,total,4392526,884.68
2,Puglia,3354.0,2017,total,4063888,825.32
3,Puglia,3518.0,2017,total,4063888,865.67
4,Puglia,3141.0,2017,total,4063888,772.91
5,Puglia,3150.0,2017,total,4063888,775.12
6,Puglia,3183.0,2017,total,4063888,783.24
7,Puglia,3277.0,2017,total,4063888,806.37
8,Puglia,3683.0,2017,total,4063888,906.27
9,Puglia,2873.0,2017,total,4063888,706.96
2,Sardegna,1445.0,2017,total,1653135,874.1
3,Sardegna,1389.0,2017,total,1653135,840.22
4,Sardegna,1338.0,2017,total,1653135,809.37
5,Sardegna,1388.0,2017,total,1653135,839.62
6,Sardegna,1281.0,2017,total,1653135,774.89
7,Sardegna,1346.0,2017,total,1653135,814.21
8,Sardegna,1515.0,2017,total,1653135,916.44
9,Sardegna,1159.0,2017,total,1653135,701.09
2,Sicilia,5060.0,2017,total,5056641,1000.66
3,Sicilia,5102.0,2017,total,5056641,1008.97
4,Sicilia,4299.0,2017,total,5056641,850.17
5,Sicilia,4236.0,2017,total,5056641,837.71
6,Sicilia,4121.0,2017,total,5056641,814.97
7,Sicilia,4317.0,2017,total,5056641,853.73
8,Sicilia,4895.0,2017,total,5056641,968.03
9,Sicilia,3730.0,2017,total,5056641,737.64
2,Toscana,3843.0,2017,total,3742437,1026.87
3,Toscana,3867.0,2017,total,3742437,1033.28
4,Toscana,3469.0,2017,total,3742437,926.94
5,Toscana,3581.0,2017,total,3742437,956.86
6,Toscana,3277.0,2017,total,3742437,875.63
7,Toscana,3275.0,2017,total,3742437,875.1
8,Toscana,3742.0,2017,total,3742437,999.88
9,Toscana,3216.0,2017,total,3742437,859.33
2,Trentino-Alto Adige,835.0,2017,total,1062860,785.62
3,Trentino-Alto Adige,786.0,2017,total,1062860,739.51
4,Trentino-Alto Adige,742.0,2017,total,1062860,698.12
5,Trentino-Alto Adige,740.0,2017,total,1062860,696.23
6,Trentino-Alto Adige,701.0,2017,total,1062860,659.54
7,Trentino-Alto Adige,719.0,2017,total,1062860,676.48
8,Trentino-Alto Adige,723.0,2017,total,1062860,680.24
9,Trentino-Alto Adige,712.0,2017,total,1062860,669.89
2,Umbria,863.0,2017,total,888908,970.85
3,Umbria,946.0,2017,total,888908,1064.23
4,Umbria,846.0,2017,total,888908,951.73
5,Umbria,885.0,2017,total,888908,995.6
6,Umbria,832.0,2017,total,888908,935.98
7,Umbria,827.0,2017,total,888908,930.35
8,Umbria,975.0,2017,total,888908,1096.85
9,Umbria,722.0,2017,total,888908,812.23
2,Valle d'Aosta,126.0,2017,total,126883,993.04
3,Valle d'Aosta,121.0,2017,total,126883,953.63
4,Valle d'Aosta,110.0,2017,total,126883,866.94
5,Valle d'Aosta,124.0,2017,total,126883,977.28
6,Valle d'Aosta,117.0,2017,total,126883,922.11
7,Valle d'Aosta,115.0,2017,total,126883,906.35
8,Valle d'Aosta,107.0,2017,total,126883,843.3
9,Valle d'Aosta,113.0,2017,total,126883,890.58
2,Veneto,4452.0,2017,total,4907529,907.18
3,Veneto,4431.0,2017,total,4907529,902.9
4,Veneto,3970.0,2017,total,4907529,808.96
5,Veneto,3978.0,2017,total,4907529,810.59
6,Veneto,3660.0,2017,total,4907529,745.79
7,Veneto,3659.0,2017,total,4907529,745.59
8,Veneto,3846.0,2017,total,4907529,783.69
9,Veneto,3576.0,2017,total,4907529,728.68
2,Abruzzo,1348.0,2018,total,1315196,1024.94
3,Abruzzo,1409.0,2018,total,1315196,1071.32
4,Abruzzo,1224.0,2018,total,1315196,930.66
5,Abruzzo,1141.0,2018,total,1315196,867.55
6,Abruzzo,1082.0,2018,total,1315196,822.69
7,Abruzzo,1156.0,2018,total,1315196,878.96
8,Abruzzo,1151.0,2018,total,1315196,875.15
9,Abruzzo,1106.0,2018,total,1315196,840.94
2,Basilicata,573.0,2018,total,567118,1010.37
3,Basilicata,528.0,2018,total,567118,931.02
4,Basilicata,509.0,2018,total,567118,897.52
5,Basilicata,506.0,2018,total,567118,892.23
6,Basilicata,462.0,2018,total,567118,814.65
7,Basilicata,522.0,2018,total,567118,920.44
8,Basilicata,477.0,2018,total,567118,841.09
9,Basilicata,442.0,2018,total,567118,779.38
2,Calabria,1770.0,2018,total,1956687,904.59
3,Calabria,1848.0,2018,total,1956687,944.45
4,Calabria,1599.0,2018,total,1956687,817.2
5,Calabria,1550.0,2018,total,1956687,792.16
6,Calabria,1393.0,2018,total,1956687,711.92
7,Calabria,1669.0,2018,total,1956687,852.97
8,Calabria,1573.0,2018,total,1956687,803.91
9,Calabria,1485.0,2018,total,1956687,758.94
2,Campania,5043.0,2018,total,5826860,865.47
3,Campania,5120.0,2018,total,5826860,878.69
4,Campania,4462.0,2018,total,5826860,765.76
5,Campania,4356.0,2018,total,5826860,747.57
6,Campania,3830.0,2018,total,5826860,657.3
7,Campania,4097.0,2018,total,5826860,703.12
8,Campania,4183.0,2018,total,5826860,717.88
9,Campania,3871.0,2018,total,5826860,664.34
2,Emilia-Romagna,4344.0,2018,total,4452629,975.6
3,Emilia-Romagna,4672.0,2018,total,4452629,1049.27
4,Emilia-Romagna,4001.0,2018,total,4452629,898.57
5,Emilia-Romagna,3866.0,2018,total,4452629,868.25
6,Emilia-Romagna,3775.0,2018,total,4452629,847.81
7,Emilia-Romagna,3868.0,2018,total,4452629,868.7
8,Emilia-Romagna,4101.0,2018,total,4452629,921.03
9,Emilia-Romagna,3773.0,2018,total,4452629,847.36
2,Lazio,4974.0,2018,total,5896693,843.52
3,Lazio,5368.0,2018,total,5896693,910.34
4,Lazio,4669.0,2018,total,5896693,791.8
5,Lazio,4515.0,2018,total,5896693,765.68
6,Lazio,4297.0,2018,total,5896693,728.71
7,Lazio,4662.0,2018,total,5896693,790.61
8,Lazio,4559.0,2018,total,5896693,773.15
9,Lazio,4242.0,2018,total,5896693,719.39
2,Liguria,1942.0,2018,total,1556981,1247.29
3,Liguria,2069.0,2018,total,1556981,1328.85
4,Liguria,1723.0,2018,total,1556981,1106.63
5,Liguria,1702.0,2018,total,1556981,1093.14
6,Liguria,1654.0,2018,total,1556981,1062.31
7,Liguria,1753.0,2018,total,1556981,1125.9
8,Liguria,2052.0,2018,total,1556981,1317.94
9,Liguria,1651.0,2018,total,1556981,1060.39
2,Lombardia,8539.0,2018,total,10036258,850.82
3,Lombardia,8958.0,2018,total,10036258,892.56
4,Lombardia,8030.0,2018,total,10036258,800.1
5,Lombardia,7650.0,2018,total,10036258,762.24
6,Lombardia,7373.0,2018,total,10036258,734.64
7,Lombardia,7678.0,2018,total,10036258,765.03
8,Lombardia,8195.0,2018,total,10036258,816.54
9,Lombardia,7579.0,2018,total,10036258,755.16
2,Marche,1491.0,2018,total,1531753,973.39
3,Marche,1578.0,2018,total,1531753,1030.19
4,Marche,1435.0,2018,total,1531753,936.84
5,Marche,1376.0,2018,total,1531753,898.32
6,Marche,1218.0,2018,total,1531753,795.17
7,Marche,1399.0,2018,total,1531753,913.33
8,Marche,1388.0,2018,total,1531753,906.15
9,Marche,1303.0,2018,total,1531753,850.66
2,Molise,368.0,2018,total,308493,1192.9
3,Molise,365.0,2018,total,308493,1183.17
4,Molise,332.0,2018,total,308493,1076.2
5,Molise,319.0,2018,total,308493,1034.06
6,Molise,281.0,2018,total,308493,910.88
7,Molise,296.0,2018,total,308493,959.5
8,Molise,285.0,2018,total,308493,923.85
9,Molise,270.0,2018,total,308493,875.22
2,Piemonte,4545.0,2018,total,4375865,1038.65
3,Piemonte,4877.0,2018,total,4375865,1114.52
4,Piemonte,4191.0,2018,total,4375865,957.75
5,Piemonte,4063.0,2018,total,4375865,928.5
6,Piemonte,3994.0,2018,total,4375865,912.73
7,Piemonte,4165.0,2018,total,4375865,951.81
8,Piemonte,4512.0,2018,total,4375865,1031.11
9,Piemonte,3991.0,2018,total,4375865,912.05
2,Puglia,3402.0,2018,total,4048242,840.36
3,Puglia,3636.0,2018,total,4048242,898.17
4,Puglia,3225.0,2018,total,4048242,796.64
5,Puglia,3041.0,2018,total,4048242,751.19
6,Puglia,2907.0,2018,total,4048242,718.09
7,Puglia,3088.0,2018,total,4048242,762.8
8,Puglia,3141.0,2018,total,4048242,775.89
9,Puglia,2944.0,2018,total,4048242,727.23
2,Sardegna,1569.0,2018,total,1648176,951.96
3,Sardegna,1621.0,2018,total,1648176,983.51
4,Sardegna,1372.0,2018,total,1648176,832.44
5,Sardegna,1259.0,2018,total,1648176,763.87
6,Sardegna,1231.0,2018,total,1648176,746.89
7,Sardegna,1353.0,2018,total,1648176,820.91
8,Sardegna,1246.0,2018,total,1648176,755.99
9,Sardegna,1201.0,2018,total,1648176,728.68
2,Sicilia,5017.0,2018,total,5026989,998.01
3,Sicilia,5127.0,2018,total,5026989,1019.89
4,Sicilia,4362.0,2018,total,5026989,867.72
5,Sicilia,4015.0,2018,total,5026989,798.69
6,Sicilia,3766.0,2018,total,5026989,749.16
7,Sicilia,4123.0,2018,total,5026989,820.17
8,Sicilia,4012.0,2018,total,5026989,798.09
9,Sicilia,3779.0,2018,total,5026989,751.74
2,Toscana,3868.0,2018,total,3736968,1035.06
3,Toscana,4093.0,2018,total,3736968,1095.27
4,Toscana,3434.0,2018,total,3736968,918.93
5,Toscana,3400.0,2018,total,3736968,909.83
6,Toscana,3161.0,2018,total,3736968,845.87
7,Toscana,3392.0,2018,total,3736968,907.69
8,Toscana,3703.0,2018,total,3736968,990.91
9,Toscana,3181.0,2018,total,3736968,851.22
2,Trentino-Alto Adige,794.0,2018,total,1067648,743.69
3,Trentino-Alto Adige,895.0,2018,total,1067648,838.29
4,Trentino-Alto Adige,781.0,2018,total,1067648,731.51
5,Trentino-Alto Adige,712.0,2018,total,1067648,666.89
6,Trentino-Alto Adige,757.0,2018,total,1067648,709.04
7,Trentino-Alto Adige,716.0,2018,total,1067648,670.63
8,Trentino-Alto Adige,741.0,2018,total,1067648,694.05
9,Trentino-Alto Adige,700.0,2018,total,1067648,655.65
2,Umbria,860.0,2018,total,884640,972.15
3,Umbria,925.0,2018,total,884640,1045.62
4,Umbria,800.0,2018,total,884640,904.32
5,Umbria,800.0,2018,total,884640,904.32
6,Umbria,732.0,2018,total,884640,827.46
7,Umbria,792.0,2018,total,884640,895.28
8,Umbria,785.0,2018,total,884640,887.37
9,Umbria,741.0,2018,total,884640,837.63
2,Valle d'Aosta,135.0,2018,total,126202,1069.71
3,Valle d'Aosta,139.0,2018,total,126202,1101.41
4,Valle d'Aosta,111.0,2018,total,126202,879.54
5,Valle d'Aosta,122.0,2018,total,126202,966.7
6,Valle d'Aosta,110.0,2018,total,126202,871.62
7,Valle d'Aosta,124.0,2018,total,126202,982.55
8,Valle d'Aosta,115.0,2018,total,126202,911.24
9,Valle d'Aosta,101.0,2018,total,126202,800.3
2,Veneto,4338.0,2018,total,4905037,884.4
3,Veneto,4572.0,2018,total,4905037,932.1
4,Veneto,4045.0,2018,total,4905037,824.66
5,Veneto,3858.0,2018,total,4905037,786.54
6,Veneto,3604.0,2018,total,4905037,734.75
7,Veneto,3661.0,2018,total,4905037,746.38
8,Veneto,4089.0,2018,total,4905037,833.63
9,Veneto,3774.0,2018,total,4905037,769.41
2,Abruzzo,1402.0,2019,total,1300645,1077.93
3,Abruzzo,1347.0,2019,total,1300645,1035.64
4,Abruzzo,1223.0,2019,total,1300645,940.3
5,Abruzzo,1154.0,2019,total,1300645,887.25
6,Abruzzo,1182.0,2019,total,1300645,908.78
7,Abruzzo,1244.0,2019,total,1300645,956.45
8,Abruzzo,1144.0,2019,total,1300645,879.56
9,Abruzzo,1083.0,2019,total,1300645,832.66
2,Basilicata,660.0,2019,total,558587,1181.55
3,Basilicata,657.0,2019,total,558587,1176.18
4,Basilicata,504.0,2019,total,558587,902.28
5,Basilicata,548.0,2019,total,558587,981.05
6,Basilicata,536.0,2019,total,558587,959.56
7,Basilicata,543.0,2019,total,558587,972.1
8,Basilicata,497.0,2019,total,558587,889.75
9,Basilicata,467.0,2019,total,558587,836.04
2,Calabria,1991.0,2019,total,1912021,1041.31
3,Calabria,2007.0,2019,total,1912021,1049.67
4,Calabria,1687.0,2019,total,1912021,882.31
5,Calabria,1626.0,2019,total,1912021,850.41
6,Calabria,1647.0,2019,total,1912021,861.39
7,Calabria,1635.0,2019,total,1912021,855.12
8,Calabria,1547.0,2019,total,1912021,809.09
9,Calabria,1379.0,2019,total,1912021,721.23
2,Campania,5143.0,2019,total,5740291,895.95
3,Campania,4918.0,2019,total,5740291,856.75
4,Campania,4517.0,2019,total,5740291,786.89
5,Campania,4338.0,2019,total,5740291,755.71
6,Campania,4412.0,2019,total,5740291,768.6
7,Campania,4286.0,2019,total,5740291,746.65
8,Campania,4196.0,2019,total,5740291,730.97
9,Campania,3813.0,2019,total,5740291,664.25
2,Emilia-Romagna,4570.0,2019,total,4459453,1024.79
3,Emilia-Romagna,4701.0,2019,total,4459453,1054.17
4,Emilia-Romagna,4013.0,2019,total,4459453,899.89
5,Emilia-Romagna,4135.0,2019,total,4459453,927.24
6,Emilia-Romagna,3909.0,2019,total,4459453,876.56
7,Emilia-Romagna,4066.0,2019,total,4459453,911.77
8,Emilia-Romagna,3921.0,2019,total,4459453,879.26
9,Emilia-Romagna,3805.0,2019,total,4459453,853.24
2,Lazio,5458.0,2019,total,5773076,945.42
3,Lazio,5238.0,2019,total,5773076,907.32
4,Lazio,4781.0,2019,total,5773076,828.15
5,Lazio,4804.0,2019,total,5773076,832.14
6,Lazio,4803.0,2019,total,5773076,831.97
7,Lazio,4685.0,2019,total,5773076,811.53
8,Lazio,4461.0,2019,total,5773076,772.72
9,Lazio,4138.0,2019,total,5773076,716.78
2,Liguria,1962.0,2019,total,1532980,1279.86
3,Liguria,1922.0,2019,total,1532980,1253.77
4,Liguria,1753.0,2019,total,1532980,1143.52
5,Liguria,1648.0,2019,total,1532980,1075.03
6,Liguria,1811.0,2019,total,1532980,1181.36
7,Liguria,1722.0,2019,total,1532980,1123.3
8,Liguria,1685.0,2019,total,1532980,1099.17
9,Liguria,1551.0,2019,total,1532980,1011.75
2,Lombardia,9512.0,2019,total,10010833,950.17
3,Lombardia,9009.0,2019,total,10010833,899.93
4,Lombardia,7939.0,2019,total,10010833,793.04
5,Lombardia,7946.0,2019,total,10010833,793.74
6,Lombardia,8161.0,2019,total,10010833,815.22
7,Lombardia,8084.0,2019,total,10010833,807.53
8,Lombardia,7729.0,2019,total,10010833,772.06
9,Lombardia,7329.0,2019,total,10010833,732.11
2,Marche,1644.0,2019,total,1520321,1081.35
3,Marche,1602.0,2019,total,1520321,1053.72
4,Marche,1474.0,2019,total,1520321,969.53
5,Marche,1409.0,2019,total,1520321,926.78
6,Marche,1351.0,2019,total,1520321,888.63
7,Marche,1514.0,2019,total,1520321,995.84
8,Marche,1436.0,2019,total,1520321,944.54
9,Marche,1320.0,2019,total,1520321,868.24
2,Molise,334.0,2019,total,303790,1099.44
3,Molise,366.0,2019,total,303790,1204.78
4,Molise,287.0,2019,total,303790,944.73
5,Molise,274.0,2019,total,303790,901.94
6,Molise,299.0,2019,total,303790,984.23
7,Molise,316.0,2019,total,303790,1040.19
8,Molise,329.0,2019,total,303790,1082.98
9,Molise,269.0,2019,total,303790,885.48
2,Piemonte,5160.0,2019,total,4328565,1192.08
3,Piemonte,4655.0,2019,total,4328565,1075.41
4,Piemonte,4235.0,2019,total,4328565,978.38
5,Piemonte,4235.0,2019,total,4328565,978.38
6,Piemonte,4363.0,2019,total,4328565,1007.96
7,Piemonte,4638.0,2019,total,4328565,1071.49
8,Piemonte,4016.0,2019,total,4328565,927.79
9,Piemonte,3811.0,2019,total,4328565,880.43
2,Puglia,3783.0,2019,total,3975528,951.57
3,Puglia,3781.0,2019,total,3975528,951.07
4,Puglia,3262.0,2019,total,3975528,820.52
5,Puglia,3116.0,2019,total,3975528,783.8
6,Puglia,3237.0,2019,total,3975528,814.23
7,Puglia,3125.0,2019,total,3975528,786.06
8,Puglia,3091.0,2019,total,3975528,777.51
9,Puglia,2892.0,2019,total,3975528,727.45
2,Sardegna,1473.0,2019,total,1622257,907.99
3,Sardegna,1615.0,2019,total,1622257,995.53
4,Sardegna,1472.0,2019,total,1622257,907.38
5,Sardegna,1428.0,2019,total,1622257,880.26
6,Sardegna,1385.0,2019,total,1622257,853.75
7,Sardegna,1309.0,2019,total,1622257,806.9
8,Sardegna,1382.0,2019,total,1622257,851.9
9,Sardegna,1243.0,2019,total,1622257,766.22
2,Sicilia,5147.0,2019,total,4908548,1048.58
3,Sicilia,5137.0,2019,total,4908548,1046.54
4,Sicilia,4549.0,2019,total,4908548,926.75
5,Sicilia,4191.0,2019,total,4908548,853.82
6,Sicilia,4211.0,2019,total,4908548,857.89
7,Sicilia,4225.0,2019,total,4908548,860.74
8,Sicilia,4144.0,2019,total,4908548,844.24
9,Sicilia,3662.0,2019,total,4908548,746.05
2,Toscana,3996.0,2019,total,3701343,1079.61
3,Toscana,4041.0,2019,total,3701343,1091.77
4,Toscana,3593.0,2019,total,3701343,970.73
5,Toscana,3480.0,2019,total,3701343,940.2
6,Toscana,3516.0,2019,total,3701343,949.93
7,Toscana,3633.0,2019,total,3701343,981.54
8,Toscana,3369.0,2019,total,3701343,910.21
9,Toscana,3259.0,2019,total,3701343,880.49
2,Trentino-Alto Adige,865.0,2019,total,1074034,805.37
3,Trentino-Alto Adige,891.0,2019,total,1074034,829.58
4,Trentino-Alto Adige,796.0,2019,total,1074034,741.13
5,Trentino-Alto Adige,784.0,2019,total,1074034,729.96
6,Trentino-Alto Adige,758.0,2019,total,1074034,705.75
7,Trentino-Alto Adige,722.0,2019,total,1074034,672.23
8,Trentino-Alto Adige,727.0,2019,total,1074034,676.89
9,Trentino-Alto Adige,747.0,2019,total,1074034,695.51
2,Umbria,955.0,2019,total,873744,1093.0
3,Umbria,1007.0,2019,total,873744,1152.51
4,Umbria,838.0,2019,total,873744,959.09
5,Umbria,817.0,2019,total,873744,935.06
6,Umbria,848.0,2019,total,873744,970.54
7,Umbria,875.0,2019,total,873744,1001.44
8,Umbria,788.0,2019,total,873744,901.87
9,Umbria,747.0,2019,total,873744,854.94
2,Valle d'Aosta,125.0,2019,total,125653,994.8
3,Valle d'Aosta,147.0,2019,total,125653,1169.89
4,Valle d'Aosta,107.0,2019,total,125653,851.55
5,Valle d'Aosta,103.0,2019,total,125653,819.72
6,Valle d'Aosta,107.0,2019,total,125653,851.55
7,Valle d'Aosta,119.0,2019,total,125653,947.05
8,Valle d'Aosta,93.0,2019,total,125653,740.13
9,Valle d'Aosta,106.0,2019,total,125653,843.59
2,Veneto,4697.0,2019,total,4884590,961.6
3,Veneto,4311.0,2019,total,4884590,882.57
4,Veneto,3909.0,2019,total,4884590,800.27
5,Veneto,3930.0,2019,total,4884590,804.57
6,Veneto,3920.0,2019,total,4884590,802.52
7,Veneto,3827.0,2019,total,4884590,783.48
8,Veneto,3770.0,2019,total,4884590,771.82
9,Veneto,3745.0,2019,total,4884590,766.7
